name,year,selling_price,km_driven,fuel,seller_type,transmission,owner
Hyundai i20,2010,285000.0,203806.0,Petrol,Individual,Manual,Fourth & Above
Hyundai Creta,2009,157000.0,62598.0,CNG,Individual,Manual,Third Owner
Hyundai i20,2011,741000.0,150576.0,Electric,Individual,Automatic,Third Owner
Volkswagen Polo,2008,45000.0,237209.0,Petrol,Dealer,Manual,Second Owner
Tata Tiago,2023,1030000.0,25679.0,Diesel,Dealer,Manual,First Owner
Toyota Innova,2012,396000.0,115214.0,Diesel,Dealer,Manual,First Owner
Honda City,2008,45000.0,260907.0,Petrol,Individual,Manual,Second Owner
Maruti Baleno,2009,192000.0,186885.0,Diesel,Individual,Manual,Second Owner
Tata Nexon,2021,,81734.0,Diesel,Trustmark Dealer,Manual,Second Owner
Toyota Fortuner,2020,820000.0,93898.0,Petrol,Dealer,Automatic,Second Owner
Mahindra XUV500,2012,225000.0,145021.0,Petrol,Individual,Automatic,First Owner
Volkswagen Polo,2024,1137000.0,15736.0,Diesel,Dealer,Manual,Third Owner
Mahindra XUV500,2011,299000.0,168155.0,Petrol,Individual,Automatic,First Owner
Hyundai i20,2019,687000.0,76043.0,CNG,Individual,Automatic,Second Owner
Skoda Rapid,2015,589000.0,166170.0,Diesel,Individual,Automatic,First Owner
Ford EcoSport,2022,1053000.0,23567.0,Diesel,Individual,Manual,First Owner
Mahindra XUV500,2017,807000.0,85728.0,Electric,Individual,Manual,Third Owner
Toyota Innova,2023,1082000.0,30236.0,Diesel,Individual,Manual,First Owner
Volkswagen Polo,2011,128000.0,291569.0,Petrol,Trustmark Dealer,Automatic,First Owner
Hyundai i20,2021,733000.0,54441.0,Petrol,Individual,Manual,First Owner
Renault Kwid,2011,307000.0,223126.0,Diesel,Individual,Manual,Third Owner
Toyota Fortuner,2016,569000.0,143582.0,Petrol,Individual,Manual,Second Owner
Hyundai i20,2013,254000.0,107860.0,Petrol,Individual,Manual,Third Owner
Hyundai i20,2011,116000.0,162975.0,CNG,Individual,Manual,First Owner
Tata Tiago,2022,944000.0,46541.0,CNG,Individual,Manual,First Owner
Renault Kwid,2023,4500000.0,31609.0,Petrol,Individual,Manual,First Owner
Tata Nexon,2015,486000.0,94402.0,Petrol,Individual,Manual,Third Owner
Toyota Fortuner,2016,569000.0,143582.0,Petrol,Individual,Manual,Second Owner
Maruti Swift,2013,414000.0,181987.0,Petrol,Individual,Manual,First Owner
Volkswagen Polo,2012,186000.0,141415.0,Petrol,Individual,Automatic,First Owner
Honda City,2012,393000.0,87626.0,Diesel,Individual,Manual,First Owner
Tata Nexon,2011,244000.0,161197.0,Petrol,Dealer,Manual,First Owner
Honda City,2023,1246000.0,25715.0,Diesel,Individual,Manual,Second Owner
Mahindra XUV500,2015,599000.0,121441.0,Petrol,Individual,Manual,First Owner
Honda City,2016,521000.0,99362.0,Diesel,Individual,Manual,Second Owner
Maruti Baleno,2016,486000.0,137158.0,Petrol,Individual,Automatic,First Owner
Hyundai Creta,2010,159000.0,261359.0,Petrol,Trustmark Dealer,Manual,Second Owner
Hyundai Creta,2010,144000.0,176774.0,Petrol,Dealer,Manual,Second Owner
Toyota Innova,2024,1058000.0,20170.0,Diesel,Individual,Automatic,First Owner
Maruti Baleno,2012,381000.0,116988.0,Diesel,Individual,Manual,Second Owner
Skoda Rapid,2017,609000.0,87235.0,Petrol,Dealer,Manual,First Owner
Ford EcoSport,2023,1070000.0,24831.0,Diesel,Individual,Automatic,Fourth & Above
Honda Amaze,2017,651000.0,78750.0,Petrol,Trustmark Dealer,Manual,First Owner
Toyota Fortuner,2014,,92744.0,Petrol,Individual,Automatic,First Owner
Volkswagen Polo,2012,381000.0,199553.0,Diesel,Dealer,Manual,Second Owner
Hyundai Creta,2010,228000.0,228352.0,Diesel,Individual,Manual,Second Owner
Honda City,2021,680000.0,27063.0,Petrol,Dealer,Manual,Third Owner
Honda Amaze,2020,825000.0,78283.0,Petrol,Individual,Automatic,First Owner
Honda Amaze,2016,412000.0,82937.0,CNG,Dealer,Automatic,Second Owner
Maruti Swift,2010,168000.0,189294.0,Petrol,Trustmark Dealer,Manual,First Owner
Hyundai Creta,2020,858000.0,16272.0,Petrol,Individual,Manual,Second Owner
Honda Amaze,2021,992000.0,,CNG,Individual,Manual,Third Owner
Honda City,2018,644000.0,109801.0,Diesel,Individual,Manual,Second Owner
Honda Amaze,2021,842000.0,64072.0,Petrol,Trustmark Dealer,Manual,Second Owner
Mahindra XUV500,2017,670000.0,53664.0,Diesel,Individual,Automatic,First Owner
Mahindra XUV500,2009,278000.0,249826.0,Diesel,Dealer,Automatic,First Owner
Renault Kwid,2014,480000.0,149463.0,Petrol,Individual,Manual,Second Owner
Hyundai Creta,2019,787000.0,82823.0,Diesel,Individual,Automatic,First Owner
Toyota Innova,2008,64000.0,188263.0,Diesel,Dealer,Manual,First Owner
Maruti Baleno,2016,639000.0,97684.0,Diesel,Individual,Automatic,Second Owner
Honda City,2011,299000.0,126011.0,Diesel,Individual,Automatic,Second Owner
Renault Kwid,2015,390000.0,138051.0,Petrol,Individual,Manual,First Owner
Tata Nexon,2022,873000.0,38379.0,Diesel,Trustmark Dealer,Manual,First Owner
Volkswagen Polo,2020,808000.0,80875.0,Diesel,Trustmark Dealer,Manual,First Owner
Tata Tiago,2024,1146000.0,26892.0,Diesel,Individual,Manual,Second Owner
Honda City,2021,1035000.0,66242.0,Petrol,Individual,Automatic,First Owner
Volkswagen Polo,2021,955000.0,59146.0,Petrol,Individual,Manual,First Owner
Ford EcoSport,2010,133000.0,138331.0,Diesel,Individual,Automatic,Second Owner
Toyota Fortuner,2011,249000.0,255492.0,CNG,Dealer,Manual,Second Owner
Honda City,2021,901000.0,64217.0,CNG,Trustmark Dealer,Manual,First Owner
Toyota Innova,2022,964000.0,38697.0,Petrol,Dealer,Manual,Fourth & Above
Honda City,2008,96000.0,156852.0,Petrol,Individual,Manual,Second Owner
Maruti Baleno,2009,128000.0,267724.0,Petrol,Individual,Manual,First Owner
Toyota Fortuner,2022,847000.0,54014.0,CNG,Individual,Automatic,First Owner
Hyundai Creta,2013,319000.0,123211.0,Petrol,Individual,Automatic,Second Owner
Renault Kwid,2019,695000.0,104324.0,CNG,Dealer,Manual,First Owner
Renault Kwid,2021,911000.0,56362.0,Diesel,Dealer,Automatic,First Owner
Mahindra XUV500,2014,331000.0,105194.0,Petrol,Dealer,Manual,First Owner
Maruti Baleno,2016,542000.0,118722.0,Petrol,Individual,Manual,First Owner
Volkswagen Polo,2009,148000.0,167223.0,Diesel,Individual,Manual,Third Owner
Toyota Innova,2024,1257000.0,25253.0,Petrol,Individual,Manual,First Owner
Skoda Rapid,2015,558000.0,128135.0,Petrol,Individual,Manual,Second Owner
Maruti Swift,2012,334000.0,183651.0,CNG,Individual,Manual,First Owner
Renault Kwid,2010,126000.0,150966.0,Diesel,Individual,Manual,Second Owner
Hyundai i20,2024,1154000.0,22310.0,Diesel,Individual,Manual,Second Owner
Renault Kwid,2022,815000.0,55652.0,CNG,Dealer,Manual,First Owner
Hyundai Creta,2012,144000.0,25321.0,Petrol,Individual,Manual,Second Owner
Maruti Baleno,2010,139000.0,147847.0,Petrol,Individual,Manual,Second Owner
Ford EcoSport,2022,831000.0,45112.0,Diesel,Individual,Manual,Third Owner
Tata Tiago,2019,642000.0,77766.0,Petrol,Dealer,Manual,First Owner
Renault Kwid,2024,1096000.0,16701.0,Diesel,Dealer,Manual,Fourth & Above
Tata Nexon,2011,386000.0,193406.0,Diesel,Individual,Manual,First Owner
Honda Amaze,2012,239000.0,110464.0,Petrol,Individual,Manual,First Owner
Maruti Baleno,2009,45000.0,257265.0,Petrol,Individual,Manual,First Owner
Honda City,2008,45000.0,240626.0,Petrol,Individual,Manual,First Owner
Toyota Innova,2013,329000.0,61684.0,Diesel,Individual,Manual,First Owner
Hyundai i20,2014,434000.0,122147.0,CNG,Individual,Manual,First Owner
Volkswagen Polo,2021,821000.0,70742.0,CNG,Individual,Automatic,First Owner
Tata Nexon,2017,503000.0,75620.0,Petrol,Individual,Manual,First Owner
Honda City,2022,912000.0,56548.0,Petrol,Dealer,Manual,Fourth & Above
Toyota Innova,2012,349000.0,149454.0,Petrol,Individual,Automatic,Third Owner
Ford EcoSport,2012,139000.0,175187.0,Petrol,Individual,Manual,Fourth & Above
Ford EcoSport,2023,916000.0,21418.0,Petrol,Individual,Automatic,First Owner
Tata Nexon,2016,604000.0,103572.0,Petrol,Individual,Manual,First Owner
Honda Amaze,2011,355000.0,183737.0,Diesel,Individual,Automatic,First Owner
Volkswagen Polo,2008,226000.0,132303.0,Diesel,Individual,Automatic,First Owner
Hyundai i20,2020,922000.0,51707.0,Diesel,Dealer,Automatic,First Owner
Mahindra XUV500,2020,826000.0,65697.0,Petrol,Individual,Manual,First Owner
Volkswagen Polo,2021,851000.0,64075.0,Diesel,Dealer,Manual,First Owner
Toyota Innova,2015,437000.0,136874.0,Diesel,Trustmark Dealer,Manual,First Owner
Tata Nexon,2016,653000.0,108992.0,Petrol,Trustmark Dealer,Manual,Second Owner
Hyundai Creta,2009,230000.0,290053.0,Diesel,Individual,Manual,First Owner
Ford EcoSport,2020,901000.0,55174.0,Diesel,Individual,Manual,First Owner
Skoda Rapid,2015,506000.0,153866.0,Diesel,Individual,Manual,Second Owner
Tata Nexon,2010,,180300.0,Diesel,Dealer,Automatic,First Owner
Maruti Swift,2009,324000.0,144793.0,CNG,Dealer,Manual,Third Owner
Volkswagen Polo,2013,326000.0,75336.0,Petrol,Individual,Manual,First Owner
Toyota Innova,2018,632000.0,43783.0,Petrol,Individual,Manual,Fourth & Above
Honda Amaze,2015,620000.0,117764.0,Diesel,Individual,Manual,First Owner
Volkswagen Polo,2020,888000.0,65296.0,Diesel,Individual,Manual,Second Owner
Maruti Swift,2008,228000.0,127089.0,Diesel,Individual,Manual,Second Owner
Toyota Fortuner,2024,960000.0,26916.0,Petrol,Trustmark Dealer,Manual,First Owner
Ford EcoSport,2016,613000.0,176319.0,Petrol,Individual,Manual,Second Owner
Hyundai i20,2011,45000.0,181485.0,Diesel,Individual,Manual,Second Owner
Tata Tiago,2024,1053000.0,25651.0,CNG,Individual,Manual,Third Owner
Tata Nexon,2015,575000.0,132056.0,Petrol,Dealer,Manual,Second Owner
Tata Tiago,2018,706000.0,91492.0,CNG,Dealer,Manual,Second Owner
Maruti Swift,2018,748000.0,93626.0,Diesel,Dealer,Automatic,First Owner
Skoda Rapid,2016,,144014.0,Petrol,Individual,Manual,Second Owner
Hyundai i20,2010,67000.0,152325.0,Petrol,Dealer,Automatic,First Owner
Skoda Rapid,2018,770000.0,48460.0,Petrol,Dealer,Automatic,Second Owner
Volkswagen Polo,2022,1095000.0,49953.0,Diesel,Individual,Manual,First Owner
Honda Amaze,2020,656000.0,86525.0,Petrol,Dealer,Manual,First Owner
Mahindra XUV500,2020,905000.0,71061.0,Diesel,Dealer,Manual,Second Owner
Volkswagen Polo,2017,624000.0,92449.0,Petrol,Individual,Manual,Fourth & Above
Toyota Fortuner,2008,148000.0,128983.0,Diesel,Dealer,Manual,Third Owner
Maruti Swift,2015,493000.0,127519.0,Diesel,Dealer,Manual,First Owner
Renault Kwid,2016,567000.0,89029.0,Petrol,Dealer,Automatic,Second Owner
Volkswagen Polo,2023,1002000.0,39156.0,Diesel,Individual,Manual,First Owner
Maruti Swift,2009,130000.0,200332.0,Petrol,Individual,Manual,First Owner
Ford EcoSport,2017,657000.0,116873.0,Petrol,Dealer,Manual,First Owner
Mahindra XUV500,2014,396000.0,133325.0,Petrol,Individual,Manual,First Owner
Ford EcoSport,2022,816000.0,74870.0,Petrol,Dealer,Manual,First Owner
Hyundai Creta,2011,193000.0,174785.0,Diesel,Individual,Manual,First Owner
Hyundai Creta,2015,525000.0,177323.0,Petrol,Dealer,Manual,First Owner
Skoda Rapid,2008,45000.0,79932.0,Petrol,Trustmark Dealer,Automatic,Second Owner
Volkswagen Polo,2021,912000.0,45789.0,Diesel,Individual,Manual,Second Owner
Volkswagen Polo,2014,473000.0,132406.0,Petrol,Dealer,Manual,Fourth & Above
Toyota Innova,2014,390000.0,65532.0,Petrol,Dealer,Automatic,Third Owner
Renault Kwid,2013,454000.0,147826.0,Diesel,Trustmark Dealer,Manual,First Owner
Renault Kwid,2016,481000.0,117823.0,Petrol,Individual,Manual,First Owner
Volkswagen Polo,2024,1045000.0,25801.0,Diesel,Individual,Manual,Second Owner
Volkswagen Polo,2018,688000.0,106455.0,Petrol,Dealer,Manual,Second Owner
Toyota Innova,2014,539000.0,97512.0,Diesel,Individual,Manual,First Owner
Honda Amaze,2010,232000.0,176642.0,Diesel,Individual,Manual,Second Owner
Volkswagen Polo,2024,1137000.0,11745.0,Petrol,Dealer,Manual,Second Owner
Renault Kwid,2013,375000.0,167242.0,Petrol,Individual,Automatic,Third Owner
Maruti Baleno,2012,342000.0,54154.0,CNG,Individual,Manual,First Owner
Honda Amaze,2020,928000.0,49755.0,Petrol,Individual,Manual,First Owner
Toyota Fortuner,2019,784000.0,108082.0,Petrol,Dealer,Manual,Third Owner
Volkswagen Polo,2012,211000.0,195813.0,Petrol,Individual,Automatic,First Owner
Tata Tiago,2022,1068000.0,24537.0,Diesel,Individual,Manual,Third Owner
Volkswagen Polo,2009,148000.0,167223.0,Diesel,Individual,Manual,Third Owner
Hyundai Creta,2024,1177000.0,25697.0,Diesel,Dealer,Manual,First Owner
Toyota Fortuner,2022,953000.0,60281.0,Petrol,Individual,Manual,Third Owner
Volkswagen Polo,2012,346000.0,53898.0,Diesel,Individual,Manual,First Owner
Renault Kwid,2011,228000.0,93802.0,Petrol,Individual,Manual,Second Owner
Hyundai Creta,2011,290000.0,194319.0,Diesel,Individual,Manual,First Owner
Maruti Swift,2021,788000.0,61292.0,Petrol,Dealer,Manual,First Owner
Toyota Fortuner,2010,210000.0,193729.0,Petrol,Individual,Automatic,First Owner
Honda City,2021,810000.0,71846.0,Petrol,Dealer,Manual,Second Owner
Volkswagen Polo,2012,343000.0,202958.0,Petrol,Dealer,Manual,Second Owner
Skoda Rapid,2024,1139000.0,22906.0,Petrol,Individual,Manual,First Owner
Renault Kwid,2018,738000.0,117646.0,Petrol,Dealer,Manual,Second Owner
Hyundai i20,2011,279000.0,57843.0,Petrol,Individual,Manual,First Owner
Mahindra XUV500,2018,696000.0,76235.0,Diesel,Trustmark Dealer,Manual,Second Owner
Skoda Rapid,2021,910000.0,44459.0,Diesel,Dealer,Manual,First Owner
Toyota Fortuner,2023,1043000.0,,Petrol,Dealer,Manual,First Owner
Tata Nexon,2013,446000.0,66527.0,Diesel,Individual,Automatic,First Owner
Maruti Baleno,2010,214000.0,187246.0,Petrol,Individual,Manual,First Owner
Honda Amaze,2021,940000.0,86817.0,CNG,Individual,Manual,Second Owner
Toyota Fortuner,2024,922000.0,23038.0,Petrol,Individual,Automatic,First Owner
Hyundai i20,2017,701000.0,74969.0,Petrol,Individual,Manual,Fourth & Above
Ford EcoSport,2021,745000.0,25238.0,Petrol,Individual,Manual,First Owner
Toyota Fortuner,2010,113000.0,251424.0,Petrol,Trustmark Dealer,Manual,Fourth & Above
Honda City,2024,1006000.0,27064.0,Petrol,Individual,Manual,First Owner
Renault Kwid,2019,675000.0,53907.0,Petrol,Trustmark Dealer,Automatic,Fourth & Above
Tata Nexon,2018,707000.0,37619.0,Petrol,Dealer,Manual,First Owner
Toyota Fortuner,2021,899000.0,53054.0,Petrol,Individual,Automatic,Second Owner
Honda City,2018,779000.0,85919.0,Diesel,Trustmark Dealer,Automatic,First Owner
Tata Tiago,2013,183000.0,172724.0,Petrol,Individual,Manual,First Owner
Maruti Swift,2013,371000.0,80257.0,Petrol,Dealer,Manual,First Owner
Ford EcoSport,2021,838000.0,71574.0,Petrol,Individual,Manual,Third Owner
Toyota Fortuner,2018,670000.0,77567.0,Petrol,Individual,Manual,First Owner
Tata Nexon,2023,1036000.0,480000.0,Petrol,Dealer,Manual,Third Owner
Ford EcoSport,2010,100000.0,221244.0,Diesel,Individual,Manual,First Owner
Hyundai Creta,2020,746000.0,26534.0,,Individual,Manual,Second Owner
Toyota Fortuner,2010,193000.0,263193.0,Petrol,Trustmark Dealer,Manual,Second Owner
Mahindra XUV500,2017,470000.0,84202.0,CNG,Individual,Automatic,First Owner
Skoda Rapid,2024,1083000.0,31420.0,Petrol,Dealer,Manual,First Owner
Ford EcoSport,2022,978000.0,16075.0,Petrol,Individual,Manual,First Owner
Tata Tiago,2010,177000.0,202652.0,Petrol,Individual,Manual,Second Owner
Hyundai Creta,2023,903000.0,46315.0,Petrol,Individual,Manual,Fourth & Above
Tata Nexon,2019,715000.0,82138.0,Petrol,Dealer,Manual,First Owner
Tata Nexon,2013,294000.0,171848.0,Petrol,Individual,Manual,Fourth & Above
Tata Tiago,2020,863000.0,59230.0,Petrol,Individual,Manual,First Owner
Mahindra XUV500,2008,183000.0,145533.0,Petrol,Individual,Manual,First Owner
Renault Kwid,2023,980000.0,39277.0,Diesel,Individual,Manual,First Owner
Hyundai i20,2023,979000.0,16293.0,Petrol,Dealer,Manual,First Owner
Skoda Rapid,2012,217000.0,122988.0,CNG,Dealer,Manual,Second Owner
Renault Kwid,2019,821000.0,93902.0,Diesel,Individual,Manual,Third Owner
Hyundai i20,2012,252000.0,,Diesel,Dealer,Automatic,First Owner
Honda Amaze,2024,1072000.0,12803.0,CNG,Individual,Manual,First Owner
Honda City,2023,10000.0,28901.0,Petrol,Individual,Automatic,Second Owner
Toyota Fortuner,2014,477000.0,231628.0,,Individual,Manual,First Owner
Mahindra XUV500,2013,347000.0,161729.0,Petrol,Dealer,Manual,First Owner
Toyota Fortuner,2020,772000.0,98797.0,Petrol,Trustmark Dealer,Manual,First Owner
Toyota Innova,2014,482000.0,149440.0,CNG,Individual,Manual,First Owner
Tata Nexon,2014,395000.0,136567.0,Diesel,Dealer,Manual,First Owner
Maruti Swift,2013,363000.0,187782.0,Petrol,Dealer,Manual,Third Owner
Volkswagen Polo,2021,955000.0,59146.0,Petrol,Individual,Manual,First Owner
Maruti Swift,2023,990000.0,30193.0,Diesel,Dealer,Manual,First Owner
Ford EcoSport,2009,195000.0,163638.0,Diesel,Individual,Manual,First Owner
Ford EcoSport,2010,218000.0,266866.0,Diesel,Individual,Manual,First Owner
Skoda Rapid,2010,302000.0,236373.0,Diesel,Dealer,Automatic,First Owner
Toyota Fortuner,2014,533000.0,152562.0,Diesel,Dealer,Automatic,Second Owner
Tata Tiago,2016,378000.0,97202.0,CNG,Individual,Automatic,First Owner
Hyundai Creta,2024,1111000.0,23675.0,Petrol,Individual,Automatic,Third Owner
Hyundai Creta,2020,883000.0,68701.0,Petrol,Dealer,Manual,First Owner
Renault Kwid,2024,1147000.0,14889.0,Diesel,Dealer,Manual,Third Owner
Maruti Swift,2017,633000.0,109504.0,Petrol,Individual,Manual,First Owner
Honda Amaze,2021,941000.0,43842.0,Diesel,Dealer,Automatic,Second Owner
Toyota Innova,2014,369000.0,96071.0,Petrol,Trustmark Dealer,Manual,First Owner
Toyota Fortuner,2022,951000.0,51575.0,Diesel,Individual,Automatic,Second Owner
Honda City,2019,812000.0,58363.0,Diesel,Dealer,Manual,First Owner
Maruti Baleno,2013,376000.0,183076.0,Diesel,Individual,Automatic,First Owner
Mahindra XUV500,2017,536000.0,71936.0,Petrol,Individual,Manual,First Owner
Maruti Baleno,2009,300000.0,283196.0,Diesel,Dealer,Manual,First Owner
Honda City,2024,1067000.0,29935.0,Petrol,Trustmark Dealer,Manual,First Owner
Hyundai i20,2018,635000.0,106968.0,Petrol,Trustmark Dealer,Manual,First Owner
Maruti Baleno,2013,435000.0,115795.0,Diesel,Individual,Manual,Third Owner
Maruti Baleno,2010,152000.0,181141.0,Petrol,Individual,Automatic,First Owner
Ford EcoSport,2015,550000.0,,Diesel,Individual,Automatic,First Owner
Honda Amaze,2022,918000.0,58613.0,Petrol,Individual,Automatic,Second Owner
Honda Amaze,2011,64000.0,185635.0,Petrol,Trustmark Dealer,Automatic,Second Owner
Honda Amaze,2012,295000.0,108742.0,Petrol,Individual,Manual,First Owner
Toyota Fortuner,2010,233000.0,174280.0,Diesel,Individual,Manual,First Owner
Maruti Baleno,2022,1089000.0,42538.0,Diesel,Dealer,Manual,First Owner
Tata Nexon,2009,48000.0,249698.0,Petrol,Individual,Manual,Second Owner
Hyundai Creta,2009,145000.0,151210.0,Petrol,Individual,Automatic,First Owner
Toyota Fortuner,2010,183000.0,198925.0,Petrol,Dealer,Manual,Second Owner
Maruti Baleno,2022,876000.0,41900.0,Petrol,Individual,Manual,Third Owner
Hyundai Creta,2009,175000.0,142868.0,Diesel,Dealer,Manual,Third Owner
Hyundai i20,2022,1022000.0,49360.0,Petrol,Dealer,Manual,Fourth & Above
Hyundai Creta,2023,1012000.0,41822.0,Diesel,Dealer,Manual,First Owner
Honda Amaze,2021,943000.0,52149.0,,Trustmark Dealer,Manual,Fourth & Above
Tata Nexon,2023,967000.0,29372.0,Diesel,Trustmark Dealer,Manual,First Owner
Hyundai Creta,2020,905000.0,62817.0,Diesel,Individual,Manual,First Owner
Hyundai Creta,2024,1140000.0,24999.0,Diesel,Individual,Automatic,Third Owner
Tata Tiago,2018,838000.0,90064.0,Diesel,Dealer,Automatic,Second Owner
Maruti Baleno,2015,555000.0,75009.0,Petrol,Individual,Manual,Third Owner
Maruti Swift,2015,662000.0,140427.0,Petrol,Individual,Manual,First Owner
Tata Nexon,2021,701000.0,52171.0,Petrol,Individual,Manual,Second Owner
Hyundai i20,2016,561000.0,101351.0,Diesel,Individual,Manual,First Owner
Honda Amaze,2013,640000.0,118969.0,Diesel,Individual,Automatic,Second Owner
Tata Tiago,2017,637000.0,72023.0,Petrol,Individual,Manual,First Owner
Skoda Rapid,2020,907000.0,66312.0,Petrol,Individual,Automatic,Third Owner
Mahindra XUV500,2024,989000.0,30820.0,Petrol,Individual,Manual,First Owner
Ford EcoSport,2009,45000.0,171388.0,CNG,Dealer,Manual,First Owner
Tata Nexon,2022,867000.0,40639.0,Petrol,Individual,Automatic,Third Owner
Maruti Baleno,2011,278000.0,119176.0,Petrol,Individual,Manual,First Owner
Ford EcoSport,2021,1001000.0,55639.0,Petrol,Individual,Manual,First Owner
Hyundai Creta,2021,911000.0,65127.0,Diesel,Individual,Automatic,First Owner
Ford EcoSport,2020,813000.0,76995.0,Petrol,Dealer,Manual,First Owner
Ford EcoSport,2024,1123000.0,20900.0,Diesel,Dealer,Manual,First Owner
Maruti Baleno,2013,268000.0,68253.0,Petrol,Individual,Automatic,First Owner
Volkswagen Polo,2015,577000.0,146987.0,Diesel,Dealer,Manual,First Owner
Maruti Swift,2022,1068000.0,45016.0,CNG,Dealer,Manual,Second Owner
Toyota Innova,2011,240000.0,155318.0,Diesel,Individual,Automatic,First Owner
Hyundai i20,2012,177000.0,135804.0,Petrol,Dealer,Automatic,Third Owner
Toyota Innova,2014,5200000.0,149292.0,Petrol,Dealer,Automatic,Fourth & Above
Hyundai Creta,2021,1017000.0,78635.0,Petrol,Dealer,Manual,First Owner
Honda Amaze,2009,166000.0,226064.0,Diesel,Dealer,Manual,First Owner
Tata Nexon,2013,293000.0,106186.0,Petrol,Trustmark Dealer,Manual,First Owner
Renault Kwid,2020,869000.0,40056.0,Diesel,Dealer,Automatic,First Owner
Renault Kwid,2015,547000.0,64521.0,Petrol,Individual,Automatic,Third Owner
Honda Amaze,2018,763000.0,93920.0,CNG,Dealer,Manual,First Owner
Toyota Fortuner,2016,530000.0,94490.0,Petrol,Dealer,Automatic,First Owner
Mahindra XUV500,2015,461000.0,132840.0,Diesel,Individual,Manual,First Owner
Honda Amaze,2009,136000.0,130866.0,Diesel,Trustmark Dealer,Automatic,Third Owner
Toyota Fortuner,2012,359000.0,161118.0,Petrol,Dealer,Manual,Third Owner
Tata Nexon,2017,560000.0,67074.0,Petrol,Individual,Manual,Second Owner
Tata Tiago,2014,330000.0,,CNG,Individual,Manual,Second Owner
Toyota Innova,2015,553000.0,117212.0,Diesel,Dealer,Manual,Second Owner
Mahindra XUV500,2016,589000.0,90522.0,Petrol,Individual,Manual,First Owner
Hyundai i20,2009,102000.0,242124.0,Petrol,Dealer,Manual,First Owner
Renault Kwid,2019,826000.0,88529.0,Petrol,Dealer,Manual,First Owner
Maruti Swift,2012,183000.0,158239.0,Petrol,Trustmark Dealer,Manual,First Owner
Honda City,2021,839000.0,59860.0,Diesel,Individual,Manual,First Owner
Toyota Fortuner,2009,104000.0,260236.0,CNG,Dealer,Manual,Fourth & Above
Hyundai Creta,2014,475000.0,69342.0,Petrol,Dealer,Manual,First Owner
Hyundai Creta,2010,139000.0,204040.0,Petrol,Individual,Manual,First Owner
Mahindra XUV500,2012,229000.0,182079.0,Petrol,Trustmark Dealer,Manual,Third Owner
Hyundai i20,2015,432000.0,100141.0,Petrol,Individual,Automatic,Second Owner
Toyota Innova,2015,405000.0,206920.0,Petrol,Dealer,Manual,Third Owner
Tata Nexon,2008,45000.0,183399.0,Petrol,Dealer,Manual,Second Owner
Ford EcoSport,2020,783000.0,73339.0,Petrol,Trustmark Dealer,Manual,Second Owner
Ford EcoSport,2022,953000.0,55133.0,Diesel,Individual,Automatic,Third Owner
Volkswagen Polo,2020,849000.0,39260.0,Diesel,Trustmark Dealer,Automatic,First Owner
Tata Nexon,2011,134000.0,219122.0,Petrol,Individual,Manual,Third Owner
Tata Tiago,2014,441000.0,145068.0,Petrol,Dealer,Manual,First Owner
Honda Amaze,2015,473000.0,162158.0,Petrol,Individual,Manual,First Owner
Maruti Swift,2016,672000.0,86949.0,Diesel,Individual,Manual,Second Owner
Toyota Fortuner,2009,45000.0,156165.0,Diesel,Individual,Manual,Second Owner
Tata Nexon,2017,621000.0,69905.0,Petrol,Individual,Manual,First Owner
Toyota Fortuner,2008,45000.0,201021.0,Petrol,Individual,Manual,First Owner
Hyundai Creta,2011,213000.0,165633.0,Petrol,Dealer,Manual,Third Owner
Toyota Fortuner,2022,974000.0,56988.0,Petrol,Individual,Manual,Second Owner
Hyundai i20,2009,177000.0,181885.0,Petrol,Individual,Manual,First Owner
Toyota Innova,2018,816000.0,126230.0,Petrol,Dealer,Manual,First Owner
Ford EcoSport,2021,898000.0,40253.0,Diesel,Individual,Manual,First Owner
Renault Kwid,2018,792000.0,124521.0,Petrol,Dealer,Automatic,First Owner
Tata Nexon,2013,432000.0,155043.0,Petrol,Dealer,Manual,First Owner
Tata Nexon,2018,681000.0,148766.0,Diesel,Individual,Manual,First Owner
Hyundai Creta,2011,289000.0,200501.0,Petrol,Trustmark Dealer,Manual,Third Owner
Honda City,2017,708000.0,113611.0,CNG,Individual,Manual,Second Owner
Skoda Rapid,2012,467000.0,151059.0,CNG,Dealer,Manual,First Owner
Renault Kwid,2008,185000.0,69901.0,Diesel,Dealer,Manual,Second Owner
Maruti Swift,2012,222000.0,135788.0,Petrol,Individual,Manual,Second Owner
Maruti Swift,2021,893000.0,49429.0,Diesel,Individual,Manual,First Owner
Mahindra XUV500,2011,109000.0,108326.0,Petrol,Dealer,Automatic,First Owner
Hyundai Creta,2022,985000.0,69283.0,Petrol,Individual,Manual,First Owner
Toyota Fortuner,2023,982000.0,43883.0,CNG,Dealer,Manual,First Owner
Renault Kwid,2020,785000.0,106219.0,CNG,Individual,Manual,First Owner
Hyundai Creta,2016,547000.0,93814.0,Petrol,Individual,Manual,First Owner
Hyundai i20,2022,833000.0,39744.0,,Individual,Automatic,First Owner
Maruti Baleno,2012,217000.0,124946.0,CNG,Trustmark Dealer,Manual,Third Owner
Hyundai i20,2013,432000.0,125820.0,Petrol,Individual,Manual,Second Owner
Ford EcoSport,2014,478000.0,105181.0,Diesel,Individual,Manual,First Owner
Tata Nexon,2012,463000.0,159805.0,Diesel,Dealer,Manual,Third Owner
Tata Nexon,2014,324000.0,160454.0,Diesel,Individual,Automatic,Second Owner
Hyundai i20,2023,923000.0,39097.0,Petrol,Trustmark Dealer,Manual,Second Owner
Mahindra XUV500,2014,458000.0,115578.0,Petrol,Dealer,Automatic,Third Owner
Hyundai Creta,2009,134000.0,182400.0,,Individual,Manual,First Owner
Maruti Swift,2013,333000.0,129262.0,Petrol,Dealer,Manual,First Owner
Tata Nexon,2017,614000.0,73861.0,Petrol,Individual,Manual,First Owner
Hyundai i20,2008,45000.0,97496.0,Petrol,Individual,Manual,First Owner
Honda Amaze,2015,514000.0,119195.0,Diesel,Dealer,Automatic,Second Owner
Mahindra XUV500,2022,1010000.0,42535.0,CNG,Individual,Manual,First Owner
Skoda Rapid,2010,297000.0,155158.0,Diesel,Dealer,Automatic,First Owner
Skoda Rapid,2018,683000.0,112208.0,Diesel,Individual,Manual,First Owner
Ford EcoSport,2014,357000.0,121894.0,CNG,Individual,Manual,Second Owner
Hyundai i20,2008,48000.0,163213.0,Diesel,Dealer,Manual,First Owner
Hyundai Creta,2024,1094000.0,16895.0,Diesel,Dealer,Manual,First Owner
Maruti Swift,2024,912000.0,23966.0,Petrol,Individual,Manual,First Owner
Honda City,2010,45000.0,146215.0,Petrol,Individual,Manual,First Owner
Renault Kwid,2023,1170000.0,19300.0,Diesel,Dealer,Automatic,First Owner
Skoda Rapid,2018,830000.0,88281.0,Diesel,Dealer,Automatic,First Owner
Toyota Fortuner,2011,347000.0,159856.0,Diesel,Individual,Manual,First Owner
Toyota Fortuner,2012,338000.0,138038.0,Petrol,Dealer,Manual,Second Owner
Maruti Baleno,2009,92000.0,245216.0,Diesel,Individual,Manual,Fourth & Above
Renault Kwid,2022,970000.0,29733.0,Petrol,Dealer,Manual,Second Owner
Maruti Swift,2019,689000.0,66771.0,Petrol,Dealer,Manual,First Owner
Honda Amaze,2023,1002000.0,14715.0,CNG,Trustmark Dealer,Automatic,First Owner
Toyota Fortuner,2011,,144927.0,Petrol,Individual,Manual,First Owner
Honda City,2012,192000.0,195143.0,Diesel,Individual,Manual,First Owner
Honda Amaze,2021,919000.0,51771.0,Petrol,Individual,Manual,Third Owner
Renault Kwid,2013,355000.0,160069.0,Petrol,Individual,Manual,First Owner
Mahindra XUV500,2019,713000.0,44397.0,Petrol,Dealer,Manual,Fourth & Above
Skoda Rapid,2019,685000.0,73296.0,Petrol,Individual,Automatic,First Owner
Volkswagen Polo,2008,45000.0,237209.0,Petrol,Dealer,Manual,Second Owner
Tata Tiago,2020,780000.0,80611.0,Petrol,Individual,Manual,First Owner
Mahindra XUV500,2010,113000.0,69465.0,CNG,Individual,Manual,First Owner
Renault Kwid,2017,578000.0,99375.0,Petrol,Dealer,Manual,First Owner
Mahindra XUV500,2010,66000.0,161871.0,Diesel,Individual,Manual,Third Owner
Tata Nexon,2008,45000.0,211441.0,Diesel,Individual,Manual,First Owner
Honda Amaze,2018,759000.0,48163.0,Diesel,Individual,Manual,Fourth & Above
Tata Nexon,2015,535000.0,103321.0,Petrol,Dealer,Manual,Third Owner
Tata Nexon,2012,200000.0,179326.0,Petrol,Individual,Manual,First Owner
Volkswagen Polo,2010,133000.0,153871.0,Petrol,Trustmark Dealer,Automatic,Second Owner
Renault Kwid,2024,1152000.0,24430.0,Petrol,Individual,Manual,Second Owner
Tata Nexon,2017,583000.0,101767.0,Petrol,Trustmark Dealer,Manual,First Owner
Hyundai Creta,2016,480000.0,155061.0,Petrol,Individual,Manual,Third Owner
Maruti Baleno,2020,871000.0,56368.0,Petrol,Individual,Manual,Second Owner
Tata Nexon,2021,956000.0,63296.0,Diesel,Individual,Automatic,First Owner
Honda Amaze,2008,157000.0,257938.0,Petrol,Individual,Manual,First Owner
Honda City,2008,45000.0,156199.0,Petrol,Individual,Automatic,First Owner
Skoda Rapid,2021,878000.0,84031.0,Petrol,Individual,Manual,First Owner
Tata Nexon,2018,696000.0,142658.0,Petrol,Dealer,Manual,Second Owner
Honda Amaze,2023,967000.0,44619.0,CNG,Individual,Manual,Third Owner
Tata Nexon,2015,550000.0,121362.0,Diesel,Individual,Manual,Third Owner
Renault Kwid,2021,862000.0,59980.0,CNG,Individual,Manual,First Owner
Tata Tiago,2019,830000.0,65618.0,Petrol,Individual,Manual,Second Owner
Hyundai Creta,2011,120000.0,,,Individual,Manual,First Owner
Ford EcoSport,2014,443000.0,162527.0,Diesel,Individual,Automatic,First Owner
Mahindra XUV500,2018,715000.0,82278.0,Diesel,Individual,Manual,First Owner
Toyota Fortuner,2010,334000.0,149766.0,Diesel,Individual,Automatic,First Owner
Honda Amaze,2012,239000.0,110464.0,Petrol,Individual,Manual,First Owner
Mahindra XUV500,2019,822000.0,87662.0,Diesel,Dealer,Manual,First Owner
Renault Kwid,2012,206000.0,113268.0,Diesel,Individual,Manual,Third Owner
Toyota Innova,2015,415000.0,193134.0,Petrol,Individual,Manual,First Owner
Honda Amaze,2012,372000.0,145811.0,Petrol,Individual,Manual,Second Owner
Maruti Swift,2011,,139042.0,Petrol,Individual,Automatic,Third Owner
Tata Nexon,2013,374000.0,178858.0,Diesel,Dealer,Manual,First Owner
Tata Tiago,2018,568000.0,101222.0,Petrol,Trustmark Dealer,Manual,Second Owner
