invoice_id,branch,city,product_line,unit_price,quantity,total,payment,date
INV-5173,C,Vadodara,Health and beauty,77.71,4,326.38,Ewallet,2026-01-01
INV-5321,A,Ahmedabad,Sports and travel,51.92,2,109.03,Credit card,2026-01-01
INV-5224,C,Vadodara,Food and beverages,25.48,7,187.28,Cash,2026-01-01
INV-5298,A,Ahmedabad,Electronic accessories,75.08,6,473.0,Ewallet,2026-01-01
INV-5397,A,Ahmedabad,Health and beauty,92.42,10,970.41,Cash,2026-01-02
INV-5303,C,Vadodara,Fashion accessories,33.17,3,104.49,Credit card,2026-01-02
INV-5357,C,Vadodara,Health and beauty,51.73,9,488.85,Ewallet,2026-01-02
INV-5403,C,Vadodara,Fashion accessories,37.96,10,398.58,Credit card,2026-01-02
INV-5287,B,Surat,Food and beverages,39.63,3,124.83,Cash,2026-01-02
INV-5004,B,Surat,Electronic accessories,66.91,8,562.04,Credit card,2026-01-02
INV-5304,B,Surat,Food and beverages,84.41,2,177.26,Cash,2026-01-03
INV-5181,A,Ahmedabad,Health and beauty,20.7,2,43.47,Cash,2026-01-03
INV-5036,C,Vadodara,Home and lifestyle,40.81,9,385.65,Credit card,2026-01-03
INV-5496,A,Ahmedabad,Sports and travel,87.06,2,182.83,Credit card,2026-01-03
INV-5446,A,Ahmedabad,Fashion accessories,92.12,4,386.9,Ewallet,2026-01-03
INV-5044,A,Ahmedabad,Food and beverages,11.78,2,24.74,Cash,2026-01-04
INV-5254,B,Surat,Sports and travel,20.98,3,66.09,Credit card,2026-01-04
INV-5379,A,Ahmedabad,Sports and travel,48.61,4,204.16,Credit card,2026-01-04
INV-5132,A,Ahmedabad,Home and lifestyle,18.57,8,155.99,Cash,2026-01-04
INV-5370,B,Surat,Home and lifestyle,18.71,10,196.46,Ewallet,2026-01-05
INV-5116,A,Ahmedabad,Electronic accessories,22.42,7,164.79,Ewallet,2026-01-05
INV-5351,A,Ahmedabad,Food and beverages,85.39,10,896.6,Cash,2026-01-05
INV-5299,A,Ahmedabad,Home and lifestyle,45.02,9,425.44,Ewallet,2026-01-05
INV-5418,A,Ahmedabad,Electronic accessories,90.9,1,95.44,Cash,2026-01-06
INV-5297,B,Surat,Home and lifestyle,24.95,10,261.98,Cash,2026-01-06
INV-5280,A,Ahmedabad,Fashion accessories,42.28,1,44.39,Cash,2026-01-06
INV-5032,A,Ahmedabad,Health and beauty,55.8,6,351.54,Credit card,2026-01-06
INV-5000,A,Ahmedabad,Health and beauty,15.59,8,130.96,Ewallet,2026-01-06
INV-5008,A,Ahmedabad,Electronic accessories,75.36,7,553.9,Credit card,2026-01-06
INV-5079,C,Vadodara,Health and beauty,40.07,5,210.37,Cash,2026-01-07
INV-5151,A,Ahmedabad,Sports and travel,89.12,3,280.73,Ewallet,2026-01-07
INV-5113,B,Surat,Home and lifestyle,93.96,10,986.58,Ewallet,2026-01-07
INV-5315,B,Surat,Fashion accessories,71.24,9,673.22,Ewallet,2026-01-07
INV-5416,C,Vadodara,Sports and travel,59.11,7,434.46,Cash,2026-01-07
INV-5431,C,Vadodara,Food and beverages,65.1,8,546.84,Credit card,2026-01-07
INV-5060,C,Vadodara,Sports and travel,95.76,3,301.64,Cash,2026-01-07
INV-5487,B,Surat,Electronic accessories,52.21,10,548.21,Cash,2026-01-07
INV-5035,A,Ahmedabad,Health and beauty,68.24,10,716.52,Cash,2026-01-07
INV-5031,A,Ahmedabad,Health and beauty,74.78,3,235.56,Ewallet,2026-01-07
INV-5034,C,Vadodara,Sports and travel,47.74,1,50.13,Cash,2026-01-08
INV-5481,C,Vadodara,Food and beverages,16.01,3,50.43,Ewallet,2026-01-08
INV-5258,A,Ahmedabad,Health and beauty,57.35,6,361.31,Cash,2026-01-08
INV-5119,A,Ahmedabad,Health and beauty,89.64,9,847.1,Cash,2026-01-08
INV-5138,B,Surat,Food and beverages,14.63,5,76.81,Ewallet,2026-01-08
INV-5386,A,Ahmedabad,Health and beauty,73.52,8,617.57,Credit card,2026-01-08
INV-5042,C,Vadodara,Electronic accessories,69.0,4,289.8,Ewallet,2026-01-08
INV-5415,C,Vadodara,Home and lifestyle,81.62,5,428.51,Ewallet,2026-01-08
INV-5027,C,Vadodara,Health and beauty,42.97,8,360.95,Ewallet,2026-01-09
INV-5474,B,Surat,Health and beauty,56.76,3,178.79,Cash,2026-01-09
INV-5171,A,Ahmedabad,Sports and travel,76.4,10,802.2,Credit card,2026-01-09
INV-5458,C,Vadodara,Fashion accessories,95.11,9,898.79,Credit card,2026-01-09
INV-5352,A,Ahmedabad,Fashion accessories,35.6,2,74.76,Ewallet,2026-01-10
INV-5186,A,Ahmedabad,Home and lifestyle,45.87,8,385.31,Credit card,2026-01-10
INV-5226,C,Vadodara,Food and beverages,52.3,6,329.49,Cash,2026-01-10
INV-5282,C,Vadodara,Health and beauty,48.84,10,512.82,Credit card,2026-01-10
INV-5371,B,Surat,Electronic accessories,95.26,3,300.07,Cash,2026-01-10
INV-5306,A,Ahmedabad,Sports and travel,63.77,3,200.88,Credit card,2026-01-10
INV-5029,B,Surat,Fashion accessories,46.28,9,437.35,Cash,2026-01-11
INV-5090,B,Surat,Food and beverages,31.62,4,132.8,Ewallet,2026-01-11
INV-5290,C,Vadodara,Health and beauty,51.56,5,270.69,Cash,2026-01-11
INV-5150,C,Vadodara,Home and lifestyle,22.95,8,192.78,Credit card,2026-01-11
INV-5444,B,Surat,Health and beauty,27.56,10,289.38,Credit card,2026-01-12
INV-5026,B,Surat,Fashion accessories,95.28,2,200.09,Ewallet,2026-01-12
INV-5320,A,Ahmedabad,Health and beauty,54.68,1,57.41,Cash,2026-01-12
INV-5037,C,Vadodara,Health and beauty,46.73,2,98.13,Cash,2026-01-12
INV-5012,C,Vadodara,Fashion accessories,52.55,1,55.18,Cash,2026-01-12
INV-5472,B,Surat,Home and lifestyle,19.66,8,165.14,Cash,2026-01-12
INV-5273,C,Vadodara,Food and beverages,62.63,5,328.81,Ewallet,2026-01-12
INV-5013,C,Vadodara,Food and beverages,95.51,8,802.28,Cash,2026-01-13
INV-5492,C,Vadodara,Electronic accessories,68.34,4,287.03,Ewallet,2026-01-13
INV-5170,A,Ahmedabad,Fashion accessories,45.5,7,334.42,Cash,2026-01-13
INV-5388,C,Vadodara,Health and beauty,91.27,3,287.5,Cash,2026-01-13
INV-5105,C,Vadodara,Sports and travel,79.69,4,334.7,Ewallet,2026-01-13
INV-5334,B,Surat,Fashion accessories,96.72,1,101.56,Ewallet,2026-01-13
INV-5185,B,Surat,Food and beverages,84.08,10,882.84,Cash,2026-01-14
INV-5102,C,Vadodara,Food and beverages,81.78,1,85.87,Ewallet,2026-01-14
INV-5427,C,Vadodara,Electronic accessories,16.97,9,160.37,Ewallet,2026-01-14
INV-5307,B,Surat,Health and beauty,70.21,2,147.44,Cash,2026-01-14
INV-5329,B,Surat,Health and beauty,24.45,10,256.73,Cash,2026-01-14
INV-5200,B,Surat,Sports and travel,60.98,10,640.29,Cash,2026-01-14
INV-5067,B,Surat,Electronic accessories,71.69,8,602.2,Cash,2026-01-14
INV-5479,A,Ahmedabad,Sports and travel,53.02,8,445.37,Cash,2026-01-14
INV-5206,C,Vadodara,Health and beauty,64.14,10,673.47,Ewallet,2026-01-15
INV-5384,A,Ahmedabad,Food and beverages,96.28,8,808.75,Cash,2026-01-15
INV-5260,C,Vadodara,Electronic accessories,13.98,5,73.4,Ewallet,2026-01-16
INV-5061,C,Vadodara,Health and beauty,64.91,4,272.62,Cash,2026-01-16
INV-5016,B,Surat,Fashion accessories,71.03,6,447.49,Cash,2026-01-16
INV-5023,C,Vadodara,Food and beverages,57.83,2,121.44,Credit card,2026-01-16
INV-5058,C,Vadodara,Food and beverages,58.79,4,246.92,Credit card,2026-01-16
INV-5189,A,Ahmedabad,Food and beverages,68.82,9,650.35,Credit card,2026-01-16
INV-5449,A,Ahmedabad,Electronic accessories,28.17,5,147.89,Cash,2026-01-16
INV-5286,A,Ahmedabad,Health and beauty,45.23,2,94.98,Ewallet,2026-01-16
INV-5291,A,Ahmedabad,Home and lifestyle,69.29,5,363.77,Credit card,2026-01-16
INV-5387,C,Vadodara,Electronic accessories,37.16,8,312.14,Cash,2026-01-16
INV-5378,B,Surat,Sports and travel,67.08,9,633.91,Credit card,2026-01-17
INV-5167,A,Ahmedabad,Fashion accessories,58.5,3,184.28,Ewallet,2026-01-17
INV-5323,C,Vadodara,Sports and travel,80.8,7,593.88,Credit card,2026-01-17
INV-5028,B,Surat,Fashion accessories,76.47,3,240.88,Ewallet,2026-01-17
INV-5434,B,Surat,Home and lifestyle,28.52,3,89.84,Ewallet,2026-01-17
INV-5275,B,Surat,Fashion accessories,38.9,10,408.45,Ewallet,2026-01-17
INV-5412,A,Ahmedabad,Home and lifestyle,85.79,3,270.24,Ewallet,2026-01-18
INV-5336,C,Vadodara,Food and beverages,26.88,6,169.34,Ewallet,2026-01-18
INV-5408,C,Vadodara,Home and lifestyle,88.06,7,647.24,Cash,2026-01-18
INV-5192,B,Surat,Fashion accessories,88.76,7,652.39,Cash,2026-01-18
INV-5464,A,Ahmedabad,Fashion accessories,68.79,4,288.92,Ewallet,2026-01-18
INV-5393,B,Surat,Fashion accessories,15.38,2,32.3,Cash,2026-01-19
INV-5003,B,Surat,Fashion accessories,23.71,10,248.96,Credit card,2026-01-19
INV-5235,C,Vadodara,Food and beverages,18.92,6,119.2,Credit card,2026-01-19
INV-5082,A,Ahmedabad,Health and beauty,93.15,3,293.42,Cash,2026-01-19
INV-5331,B,Surat,Electronic accessories,54.69,9,516.82,Credit card,2026-01-19
INV-5451,C,Vadodara,Electronic accessories,65.6,1,68.88,Cash,2026-01-20
INV-5368,A,Ahmedabad,Home and lifestyle,26.96,5,141.54,Cash,2026-01-20
INV-5169,A,Ahmedabad,Health and beauty,18.35,7,134.87,Credit card,2026-01-20
INV-5025,B,Surat,Electronic accessories,37.22,7,273.57,Credit card,2026-01-20
INV-5085,C,Vadodara,Fashion accessories,77.05,4,323.61,Credit card,2026-01-20
INV-5182,B,Surat,Fashion accessories,17.74,8,149.02,Cash,2026-01-20
INV-5459,A,Ahmedabad,Home and lifestyle,44.05,4,185.01,Credit card,2026-01-20
INV-5240,A,Ahmedabad,Food and beverages,87.43,3,275.4,Cash,2026-01-21
INV-5121,C,Vadodara,Home and lifestyle,20.07,10,210.74,Credit card,2026-01-21
INV-5381,C,Vadodara,Fashion accessories,13.23,8,111.13,Credit card,2026-01-21
INV-5410,A,Ahmedabad,Food and beverages,84.7,1,88.94,Ewallet,2026-01-21
INV-5349,A,Ahmedabad,Sports and travel,20.66,8,173.54,Ewallet,2026-01-21
INV-5213,B,Surat,Food and beverages,44.68,10,469.14,Ewallet,2026-01-21
INV-5201,C,Vadodara,Sports and travel,59.58,10,625.59,Cash,2026-01-21
INV-5281,B,Surat,Sports and travel,46.78,8,392.95,Ewallet,2026-01-21
INV-5310,B,Surat,Health and beauty,45.32,6,285.52,Cash,2026-01-21
INV-5127,C,Vadodara,Home and lifestyle,71.75,10,753.38,Cash,2026-01-22
INV-5467,B,Surat,Electronic accessories,30.58,3,96.33,Cash,2026-01-22
INV-5244,B,Surat,Food and beverages,42.16,8,354.14,Credit card,2026-01-22
INV-5217,A,Ahmedabad,Home and lifestyle,60.77,5,319.04,Cash,2026-01-23
INV-5292,C,Vadodara,Food and beverages,59.9,3,188.68,Cash,2026-01-23
INV-5202,B,Surat,Electronic accessories,84.57,8,710.39,Cash,2026-01-23
INV-5362,A,Ahmedabad,Health and beauty,65.68,1,68.96,Ewallet,2026-01-23
INV-5377,C,Vadodara,Food and beverages,88.43,6,557.11,Cash,2026-01-23
INV-5094,C,Vadodara,Electronic accessories,62.74,10,658.77,Cash,2026-01-23
INV-5069,B,Surat,Sports and travel,46.01,1,48.31,Credit card,2026-01-23
INV-5473,B,Surat,Home and lifestyle,54.79,9,517.77,Ewallet,2026-01-24
INV-5014,C,Vadodara,Fashion accessories,40.84,5,214.41,Cash,2026-01-24
INV-5065,A,Ahmedabad,Electronic accessories,97.85,6,616.45,Credit card,2026-01-24
INV-5219,C,Vadodara,Sports and travel,15.95,5,83.74,Ewallet,2026-01-24
INV-5253,A,Ahmedabad,Fashion accessories,65.76,4,276.19,Credit card,2026-01-25
INV-5295,B,Surat,Electronic accessories,44.07,8,370.19,Cash,2026-01-25
INV-5215,A,Ahmedabad,Food and beverages,56.97,3,179.46,Cash,2026-01-26
INV-5493,B,Surat,Home and lifestyle,80.36,8,675.02,Cash,2026-01-26
INV-5098,B,Surat,Sports and travel,87.45,2,183.64,Ewallet,2026-01-26
INV-5095,A,Ahmedabad,Food and beverages,46.9,8,393.96,Cash,2026-01-27
INV-5091,C,Vadodara,Fashion accessories,68.03,4,285.73,Credit card,2026-01-27
INV-5024,C,Vadodara,Electronic accessories,69.4,4,291.48,Cash,2026-01-27
INV-5198,B,Surat,Health and beauty,36.02,10,378.21,Credit card,2026-01-27
INV-5343,B,Surat,Health and beauty,60.8,7,446.88,Credit card,2026-01-28
INV-5083,C,Vadodara,Health and beauty,85.9,3,270.59,Credit card,2026-01-28
INV-5196,B,Surat,Food and beverages,29.87,3,94.09,Ewallet,2026-01-28
INV-5048,C,Vadodara,Sports and travel,87.46,2,183.67,Ewallet,2026-01-28
INV-5241,B,Surat,Food and beverages,38.84,3,122.35,Cash,2026-01-28
INV-5398,A,Ahmedabad,Health and beauty,61.07,1,64.12,Cash,2026-01-28
INV-5002,B,Surat,Fashion accessories,21.61,10,226.9,Ewallet,2026-01-28
INV-5486,B,Surat,Sports and travel,98.32,4,412.94,Cash,2026-01-28
INV-5255,A,Ahmedabad,Home and lifestyle,86.71,2,182.09,Cash,2026-01-29
INV-5289,B,Surat,Health and beauty,61.11,2,128.33,Credit card,2026-01-29
INV-5441,A,Ahmedabad,Home and lifestyle,14.42,1,15.14,Ewallet,2026-01-29
INV-5021,B,Surat,Health and beauty,77.47,2,162.69,Credit card,2026-01-30
INV-5073,A,Ahmedabad,Health and beauty,94.23,8,791.53,Ewallet,2026-01-30
INV-5271,A,Ahmedabad,Fashion accessories,44.27,5,232.42,Credit card,2026-01-30
INV-5234,B,Surat,Electronic accessories,29.27,6,184.4,Cash,2026-01-30
INV-5106,C,Vadodara,Electronic accessories,20.41,9,192.87,Ewallet,2026-01-30
INV-5193,B,Surat,Fashion accessories,97.8,2,205.38,Cash,2026-01-30
INV-5122,B,Surat,Health and beauty,84.93,5,445.88,Ewallet,2026-01-30
INV-5358,A,Ahmedabad,Food and beverages,72.11,2,151.43,Credit card,2026-01-30
INV-5485,A,Ahmedabad,Sports and travel,14.58,1,15.31,Ewallet,2026-01-31
INV-5495,B,Surat,Sports and travel,67.41,6,424.68,Credit card,2026-01-31
INV-5158,B,Surat,Health and beauty,49.27,7,362.13,Credit card,2026-01-31
INV-5096,A,Ahmedabad,Sports and travel,29.7,2,62.37,Ewallet,2026-01-31
INV-5269,B,Surat,Home and lifestyle,54.43,10,571.52,Credit card,2026-01-31
INV-5228,B,Surat,Home and lifestyle,94.2,8,791.28,Credit card,2026-01-31
INV-5326,A,Ahmedabad,Food and beverages,43.58,2,91.52,Credit card,2026-01-31
INV-5009,A,Ahmedabad,Electronic accessories,51.5,9,486.68,Cash,2026-02-01
INV-5353,B,Surat,Electronic accessories,37.34,8,313.66,Ewallet,2026-02-01
INV-5057,A,Ahmedabad,Fashion accessories,28.23,2,59.28,Credit card,2026-02-01
INV-5216,A,Ahmedabad,Sports and travel,38.33,1,40.25,Credit card,2026-02-01
INV-5356,A,Ahmedabad,Electronic accessories,56.84,1,59.68,Ewallet,2026-02-02
INV-5347,C,Vadodara,Health and beauty,43.3,2,90.93,Credit card,2026-02-02
INV-5210,A,Ahmedabad,Food and beverages,78.21,10,821.2,Ewallet,2026-02-02
INV-5176,C,Vadodara,Sports and travel,51.82,7,380.88,Ewallet,2026-02-02
INV-5447,C,Vadodara,Health and beauty,58.35,6,367.6,Ewallet,2026-02-03
INV-5450,C,Vadodara,Health and beauty,82.05,5,430.76,Credit card,2026-02-03
INV-5236,B,Surat,Food and beverages,28.63,4,120.25,Cash,2026-02-04
INV-5314,A,Ahmedabad,Food and beverages,13.47,5,70.72,Cash,2026-02-04
INV-5463,B,Surat,Electronic accessories,38.87,1,40.81,Cash,2026-02-04
INV-5030,B,Surat,Sports and travel,60.56,8,508.7,Credit card,2026-02-04
INV-5194,C,Vadodara,Health and beauty,88.56,8,743.9,Ewallet,2026-02-05
INV-5152,C,Vadodara,Electronic accessories,18.65,2,39.16,Credit card,2026-02-06
INV-5117,A,Ahmedabad,Electronic accessories,81.17,7,596.6,Cash,2026-02-06
INV-5265,B,Surat,Food and beverages,82.56,7,606.82,Cash,2026-02-06
INV-5046,B,Surat,Home and lifestyle,27.8,8,233.52,Credit card,2026-02-06
INV-5232,A,Ahmedabad,Fashion accessories,27.59,7,202.79,Cash,2026-02-06
INV-5190,C,Vadodara,Fashion accessories,50.39,1,52.91,Cash,2026-02-06
INV-5385,A,Ahmedabad,Food and beverages,13.64,3,42.97,Credit card,2026-02-07
INV-5066,C,Vadodara,Electronic accessories,45.97,9,434.42,Ewallet,2026-02-07
INV-5062,B,Surat,Home and lifestyle,32.96,4,138.43,Ewallet,2026-02-07
INV-5054,B,Surat,Fashion accessories,35.52,8,298.37,Cash,2026-02-07
INV-5488,C,Vadodara,Electronic accessories,90.71,5,476.23,Cash,2026-02-07
INV-5423,B,Surat,Health and beauty,44.77,4,188.03,Credit card,2026-02-07
INV-5264,C,Vadodara,Home and lifestyle,61.92,6,390.1,Ewallet,2026-02-07
INV-5197,A,Ahmedabad,Sports and travel,69.05,9,652.52,Credit card,2026-02-07
INV-5168,B,Surat,Fashion accessories,83.73,9,791.25,Cash,2026-02-08
INV-5274,B,Surat,Fashion accessories,21.52,3,67.79,Cash,2026-02-08
INV-5270,A,Ahmedabad,Sports and travel,97.38,2,204.5,Cash,2026-02-08
INV-5175,B,Surat,Food and beverages,77.52,6,488.38,Credit card,2026-02-08
INV-5243,B,Surat,Electronic accessories,14.97,6,94.31,Cash,2026-02-09
INV-5050,C,Vadodara,Food and beverages,70.11,9,662.54,Credit card,2026-02-09
INV-5359,C,Vadodara,Food and beverages,24.71,6,155.67,Credit card,2026-02-09
INV-5123,B,Surat,Home and lifestyle,25.87,7,190.14,Credit card,2026-02-09
INV-5392,B,Surat,Sports and travel,20.58,8,172.87,Cash,2026-02-09
INV-5118,A,Ahmedabad,Health and beauty,34.36,1,36.08,Cash,2026-02-09
INV-5313,A,Ahmedabad,Electronic accessories,10.42,3,32.82,Credit card,2026-02-09
INV-5165,C,Vadodara,Food and beverages,87.47,5,459.22,Ewallet,2026-02-10
INV-5246,C,Vadodara,Sports and travel,64.94,8,545.5,Cash,2026-02-10
INV-5100,C,Vadodara,Sports and travel,10.68,4,44.86,Credit card,2026-02-10
INV-5115,B,Surat,Sports and travel,16.27,5,85.42,Ewallet,2026-02-10
INV-5383,A,Ahmedabad,Health and beauty,99.42,10,1043.91,Credit card,2026-02-10
INV-5316,C,Vadodara,Health and beauty,60.64,7,445.7,Ewallet,2026-02-10
INV-5480,A,Ahmedabad,Sports and travel,47.96,8,402.86,Ewallet,2026-02-10
INV-5311,C,Vadodara,Fashion accessories,93.15,5,489.04,Cash,2026-02-10
INV-5279,A,Ahmedabad,Fashion accessories,63.04,8,529.54,Ewallet,2026-02-10
INV-5086,A,Ahmedabad,Food and beverages,78.82,2,165.52,Cash,2026-02-10
INV-5055,A,Ahmedabad,Sports and travel,70.73,5,371.33,Cash,2026-02-10
INV-5453,A,Ahmedabad,Home and lifestyle,95.4,4,400.68,Cash,2026-02-11
INV-5130,B,Surat,Food and beverages,99.95,4,419.79,Ewallet,2026-02-11
INV-5345,A,Ahmedabad,Health and beauty,64.65,8,543.06,Ewallet,2026-02-12
INV-5135,A,Ahmedabad,Food and beverages,38.65,1,40.58,Cash,2026-02-12
INV-5437,C,Vadodara,Health and beauty,56.42,7,414.69,Cash,2026-02-12
INV-5489,B,Surat,Food and beverages,52.8,8,443.52,Ewallet,2026-02-12
INV-5470,C,Vadodara,Electronic accessories,94.3,3,297.04,Cash,2026-02-12
INV-5161,B,Surat,Food and beverages,68.7,9,649.22,Ewallet,2026-02-12
INV-5373,B,Surat,Health and beauty,82.81,6,521.7,Credit card,2026-02-12
INV-5059,C,Vadodara,Fashion accessories,73.13,3,230.36,Credit card,2026-02-12
INV-5422,C,Vadodara,Home and lifestyle,51.08,7,375.44,Credit card,2026-02-13
INV-5354,C,Vadodara,Electronic accessories,88.69,10,931.24,Cash,2026-02-13
INV-5155,B,Surat,Sports and travel,16.08,9,151.96,Cash,2026-02-13
INV-5137,A,Ahmedabad,Electronic accessories,48.23,5,253.21,Ewallet,2026-02-14
INV-5208,A,Ahmedabad,Home and lifestyle,33.42,5,175.46,Credit card,2026-02-14
INV-5341,A,Ahmedabad,Sports and travel,82.99,4,348.56,Ewallet,2026-02-14
INV-5159,C,Vadodara,Electronic accessories,79.72,9,753.35,Credit card,2026-02-14
INV-5143,B,Surat,Home and lifestyle,83.91,6,528.63,Cash,2026-02-14
INV-5439,B,Surat,Sports and travel,97.95,9,925.63,Cash,2026-02-15
INV-5205,A,Ahmedabad,Sports and travel,14.45,7,106.21,Credit card,2026-02-15
INV-5426,C,Vadodara,Sports and travel,18.08,5,94.92,Cash,2026-02-15
INV-5402,A,Ahmedabad,Electronic accessories,97.19,2,204.1,Cash,2026-02-15
INV-5261,A,Ahmedabad,Sports and travel,46.11,5,242.08,Cash,2026-02-15
INV-5494,A,Ahmedabad,Sports and travel,48.54,10,509.67,Ewallet,2026-02-16
INV-5456,A,Ahmedabad,Home and lifestyle,30.33,8,254.77,Ewallet,2026-02-16
INV-5400,C,Vadodara,Health and beauty,50.05,9,472.97,Credit card,2026-02-16
INV-5308,A,Ahmedabad,Home and lifestyle,14.73,1,15.47,Credit card,2026-02-16
INV-5366,B,Surat,Food and beverages,29.29,7,215.28,Ewallet,2026-02-16
INV-5499,B,Surat,Sports and travel,69.63,5,365.56,Cash,2026-02-16
INV-5164,B,Surat,Sports and travel,23.22,2,48.76,Cash,2026-02-16
INV-5153,A,Ahmedabad,Food and beverages,23.82,8,200.09,Cash,2026-02-16
INV-5051,A,Ahmedabad,Home and lifestyle,21.64,2,45.44,Cash,2026-02-16
INV-5156,A,Ahmedabad,Food and beverages,14.75,8,123.9,Ewallet,2026-02-16
INV-5145,C,Vadodara,Electronic accessories,38.94,6,245.32,Ewallet,2026-02-17
INV-5436,B,Surat,Health and beauty,29.68,3,93.49,Ewallet,2026-02-17
INV-5227,B,Surat,Health and beauty,52.85,4,221.97,Cash,2026-02-17
INV-5272,A,Ahmedabad,Health and beauty,45.78,7,336.48,Credit card,2026-02-17
INV-5276,B,Surat,Home and lifestyle,27.39,1,28.76,Credit card,2026-02-17
INV-5396,A,Ahmedabad,Sports and travel,58.14,5,305.24,Cash,2026-02-17
INV-5038,A,Ahmedabad,Sports and travel,49.6,3,156.24,Cash,2026-02-17
INV-5237,B,Surat,Home and lifestyle,48.05,10,504.52,Cash,2026-02-17
INV-5178,C,Vadodara,Sports and travel,29.73,3,93.65,Cash,2026-02-18
INV-5136,B,Surat,Electronic accessories,51.51,6,324.51,Credit card,2026-02-18
INV-5360,C,Vadodara,Fashion accessories,70.15,10,736.58,Ewallet,2026-02-18
INV-5478,B,Surat,Home and lifestyle,53.77,5,282.29,Credit card,2026-02-18
INV-5285,C,Vadodara,Sports and travel,93.95,5,493.24,Credit card,2026-02-19
INV-5327,A,Ahmedabad,Fashion accessories,60.86,3,191.71,Cash,2026-02-19
INV-5322,B,Surat,Health and beauty,10.49,8,88.12,Cash,2026-02-19
INV-5413,A,Ahmedabad,Fashion accessories,94.9,1,99.65,Ewallet,2026-02-19
INV-5131,B,Surat,Electronic accessories,56.48,5,296.52,Ewallet,2026-02-19
INV-5440,C,Vadodara,Food and beverages,31.27,10,328.34,Cash,2026-02-19
INV-5097,C,Vadodara,Food and beverages,83.45,4,350.49,Credit card,2026-02-19
INV-5257,A,Ahmedabad,Home and lifestyle,83.78,2,175.94,Ewallet,2026-02-19
INV-5342,B,Surat,Fashion accessories,53.36,1,56.03,Credit card,2026-02-20
INV-5160,C,Vadodara,Electronic accessories,13.14,2,27.59,Cash,2026-02-20
INV-5110,A,Ahmedabad,Fashion accessories,23.86,6,150.32,Credit card,2026-02-20
INV-5259,B,Surat,Food and beverages,99.7,5,523.43,Credit card,2026-02-20
INV-5183,C,Vadodara,Fashion accessories,25.87,1,27.16,Credit card,2026-02-21
INV-5382,C,Vadodara,Home and lifestyle,58.11,10,610.16,Ewallet,2026-02-21
INV-5093,B,Surat,Fashion accessories,33.2,3,104.58,Credit card,2026-02-21
INV-5390,C,Vadodara,Health and beauty,94.23,3,296.82,Cash,2026-02-21
INV-5425,A,Ahmedabad,Fashion accessories,45.24,10,475.02,Cash,2026-02-21
INV-5262,A,Ahmedabad,Fashion accessories,39.15,8,328.86,Cash,2026-02-21
INV-5011,C,Vadodara,Food and beverages,63.97,6,403.01,Ewallet,2026-02-22
INV-5250,A,Ahmedabad,Fashion accessories,18.98,4,79.72,Cash,2026-02-22
INV-5041,C,Vadodara,Health and beauty,70.07,3,220.72,Credit card,2026-02-22
INV-5221,B,Surat,Fashion accessories,29.1,3,91.67,Credit card,2026-02-22
INV-5172,C,Vadodara,Sports and travel,33.17,5,174.14,Ewallet,2026-02-22
INV-5301,C,Vadodara,Electronic accessories,60.64,3,191.02,Cash,2026-02-22
INV-5337,A,Ahmedabad,Electronic accessories,63.48,1,66.65,Ewallet,2026-02-23
INV-5468,A,Ahmedabad,Fashion accessories,74.97,6,472.31,Credit card,2026-02-23
INV-5324,C,Vadodara,Sports and travel,39.76,5,208.74,Ewallet,2026-02-23
INV-5166,A,Ahmedabad,Sports and travel,84.08,8,706.27,Ewallet,2026-02-23
INV-5454,B,Surat,Food and beverages,41.31,9,390.38,Ewallet,2026-02-23
INV-5394,C,Vadodara,Food and beverages,85.12,4,357.5,Ewallet,2026-02-24
INV-5112,B,Surat,Food and beverages,65.77,1,69.06,Ewallet,2026-02-24
INV-5147,A,Ahmedabad,Sports and travel,82.13,9,776.13,Credit card,2026-02-24
INV-5375,A,Ahmedabad,Sports and travel,17.27,6,108.8,Ewallet,2026-02-24
INV-5101,A,Ahmedabad,Food and beverages,40.25,2,84.52,Ewallet,2026-02-24
INV-5363,C,Vadodara,Food and beverages,13.61,9,128.61,Credit card,2026-02-24
INV-5309,A,Ahmedabad,Fashion accessories,95.1,10,998.55,Ewallet,2026-02-24
INV-5374,C,Vadodara,Food and beverages,97.7,7,718.1,Ewallet,2026-02-25
INV-5099,A,Ahmedabad,Sports and travel,25.09,3,79.03,Credit card,2026-02-25
INV-5421,C,Vadodara,Sports and travel,53.46,8,449.06,Ewallet,2026-02-25
INV-5108,B,Surat,Fashion accessories,99.87,10,1048.64,Ewallet,2026-02-25
INV-5139,B,Surat,Fashion accessories,70.5,5,370.12,Ewallet,2026-02-25
INV-5469,C,Vadodara,Health and beauty,25.2,9,238.14,Cash,2026-02-25
INV-5419,B,Surat,Sports and travel,97.46,3,307.0,Credit card,2026-02-25
INV-5045,C,Vadodara,Health and beauty,39.39,9,372.24,Credit card,2026-02-26
INV-5364,A,Ahmedabad,Fashion accessories,51.56,2,108.28,Cash,2026-02-26
INV-5191,B,Surat,Food and beverages,45.36,7,333.4,Ewallet,2026-02-26
INV-5318,C,Vadodara,Sports and travel,76.91,3,242.27,Credit card,2026-02-26
INV-5103,A,Ahmedabad,Health and beauty,85.53,5,449.03,Ewallet,2026-02-26
INV-5263,C,Vadodara,Fashion accessories,95.38,9,901.34,Cash,2026-02-27
INV-5001,C,Vadodara,Sports and travel,51.24,7,376.61,Ewallet,2026-02-27
INV-5256,C,Vadodara,Food and beverages,77.88,2,163.55,Cash,2026-02-27
INV-5424,B,Surat,Electronic accessories,42.54,7,312.67,Cash,2026-02-27
INV-5476,C,Vadodara,Health and beauty,49.3,6,310.59,Credit card,2026-02-27
INV-5220,A,Ahmedabad,Health and beauty,10.1,7,74.24,Credit card,2026-02-27
INV-5229,A,Ahmedabad,Sports and travel,15.35,9,145.06,Credit card,2026-02-27
INV-5049,C,Vadodara,Food and beverages,32.2,8,270.48,Credit card,2026-02-27
INV-5195,A,Ahmedabad,Electronic accessories,27.31,2,57.35,Credit card,2026-02-27
INV-5361,C,Vadodara,Fashion accessories,43.91,8,368.84,Ewallet,2026-02-27
INV-5146,A,Ahmedabad,Home and lifestyle,77.39,7,568.82,Cash,2026-02-27
INV-5174,C,Vadodara,Sports and travel,55.38,10,581.49,Credit card,2026-02-28
INV-5076,A,Ahmedabad,Fashion accessories,59.01,2,123.92,Ewallet,2026-02-28
INV-5088,C,Vadodara,Fashion accessories,53.25,3,167.74,Cash,2026-02-28
INV-5333,C,Vadodara,Health and beauty,96.89,9,915.61,Credit card,2026-03-01
INV-5462,C,Vadodara,Fashion accessories,26.45,9,249.95,Cash,2026-03-01
INV-5428,A,Ahmedabad,Home and lifestyle,80.19,8,673.6,Credit card,2026-03-01
INV-5293,A,Ahmedabad,Food and beverages,38.86,3,122.41,Cash,2026-03-01
INV-5238,A,Ahmedabad,Food and beverages,25.85,9,244.28,Credit card,2026-03-02
INV-5482,A,Ahmedabad,Sports and travel,63.37,8,532.31,Ewallet,2026-03-02
INV-5154,B,Surat,Sports and travel,58.05,1,60.95,Ewallet,2026-03-02
INV-5109,C,Vadodara,Fashion accessories,27.33,3,86.09,Credit card,2026-03-02
INV-5483,C,Vadodara,Sports and travel,30.52,3,96.14,Credit card,2026-03-02
INV-5312,A,Ahmedabad,Food and beverages,62.11,10,652.16,Ewallet,2026-03-02
INV-5296,C,Vadodara,Fashion accessories,18.52,3,58.34,Cash,2026-03-03
INV-5075,B,Surat,Home and lifestyle,39.0,8,327.6,Credit card,2026-03-03
INV-5018,C,Vadodara,Home and lifestyle,13.62,6,85.81,Cash,2026-03-03
INV-5111,C,Vadodara,Home and lifestyle,48.05,8,403.62,Credit card,2026-03-03
INV-5328,A,Ahmedabad,Fashion accessories,34.33,4,144.19,Ewallet,2026-03-03
INV-5266,B,Surat,Sports and travel,25.33,8,212.77,Cash,2026-03-03
INV-5218,B,Surat,Electronic accessories,70.9,10,744.45,Credit card,2026-03-03
INV-5376,C,Vadodara,Sports and travel,68.65,6,432.5,Credit card,2026-03-04
INV-5107,B,Surat,Sports and travel,45.11,4,189.46,Cash,2026-03-04
INV-5072,B,Surat,Electronic accessories,49.95,3,157.34,Credit card,2026-03-04
INV-5475,C,Vadodara,Electronic accessories,55.74,3,175.58,Credit card,2026-03-04
INV-5087,A,Ahmedabad,Health and beauty,78.63,2,165.12,Cash,2026-03-04
INV-5432,C,Vadodara,Electronic accessories,13.17,3,41.49,Credit card,2026-03-05
INV-5056,B,Surat,Food and beverages,91.93,9,868.74,Cash,2026-03-05
INV-5180,C,Vadodara,Food and beverages,77.63,3,244.53,Cash,2026-03-05
INV-5430,A,Ahmedabad,Sports and travel,93.76,3,295.34,Cash,2026-03-05
INV-5369,C,Vadodara,Health and beauty,40.97,2,86.04,Cash,2026-03-06
INV-5406,B,Surat,Home and lifestyle,96.79,4,406.52,Credit card,2026-03-06
INV-5230,B,Surat,Food and beverages,29.37,9,277.55,Cash,2026-03-06
INV-5053,B,Surat,Electronic accessories,22.48,4,94.42,Ewallet,2026-03-06
INV-5355,C,Vadodara,Fashion accessories,12.16,5,63.84,Credit card,2026-03-06
INV-5140,C,Vadodara,Food and beverages,41.8,5,219.45,Ewallet,2026-03-06
INV-5214,C,Vadodara,Fashion accessories,34.36,6,216.47,Ewallet,2026-03-07
INV-5433,A,Ahmedabad,Sports and travel,24.18,4,101.56,Ewallet,2026-03-07
INV-5498,C,Vadodara,Fashion accessories,41.29,2,86.71,Ewallet,2026-03-07
INV-5335,C,Vadodara,Food and beverages,87.01,3,274.08,Credit card,2026-03-07
INV-5438,A,Ahmedabad,Home and lifestyle,94.26,10,989.73,Ewallet,2026-03-07
INV-5452,B,Surat,Sports and travel,87.77,5,460.79,Cash,2026-03-07
INV-5445,B,Surat,Health and beauty,61.17,8,513.83,Cash,2026-03-07
INV-5125,B,Surat,Electronic accessories,59.7,9,564.17,Credit card,2026-03-08
INV-5429,C,Vadodara,Sports and travel,50.15,4,210.63,Ewallet,2026-03-08
INV-5040,A,Ahmedabad,Food and beverages,18.26,4,76.69,Ewallet,2026-03-08
INV-5179,B,Surat,Fashion accessories,28.75,2,60.38,Credit card,2026-03-08
INV-5149,A,Ahmedabad,Fashion accessories,90.37,2,189.78,Cash,2026-03-08
INV-5350,B,Surat,Fashion accessories,81.53,2,171.21,Cash,2026-03-08
INV-5348,A,Ahmedabad,Food and beverages,47.59,2,99.94,Cash,2026-03-08
INV-5457,B,Surat,Sports and travel,49.41,1,51.88,Credit card,2026-03-08
INV-5490,C,Vadodara,Home and lifestyle,15.43,2,32.4,Credit card,2026-03-09
INV-5267,B,Surat,Home and lifestyle,98.08,7,720.89,Cash,2026-03-09
INV-5222,C,Vadodara,Fashion accessories,90.51,8,760.28,Cash,2026-03-09
INV-5084,B,Surat,Home and lifestyle,98.04,4,411.77,Ewallet,2026-03-09
INV-5068,A,Ahmedabad,Sports and travel,12.09,2,25.39,Credit card,2026-03-09
INV-5114,B,Surat,Food and beverages,98.27,4,412.73,Cash,2026-03-09
INV-5491,C,Vadodara,Sports and travel,84.0,7,617.4,Ewallet,2026-03-09
INV-5133,B,Surat,Home and lifestyle,75.51,1,79.29,Credit card,2026-03-10
INV-5283,B,Surat,Health and beauty,66.98,1,70.33,Credit card,2026-03-10
INV-5405,B,Surat,Food and beverages,35.74,4,150.11,Credit card,2026-03-10
INV-5081,B,Surat,Fashion accessories,92.14,9,870.72,Credit card,2026-03-10
INV-5199,C,Vadodara,Health and beauty,76.13,3,239.81,Cash,2026-03-10
INV-5207,C,Vadodara,Sports and travel,53.76,9,508.03,Ewallet,2026-03-10
INV-5177,A,Ahmedabad,Health and beauty,43.11,3,135.8,Credit card,2026-03-11
INV-5365,B,Surat,Food and beverages,57.0,8,478.8,Ewallet,2026-03-11
INV-5126,A,Ahmedabad,Home and lifestyle,55.07,9,520.41,Ewallet,2026-03-11
INV-5043,B,Surat,Electronic accessories,69.66,6,438.86,Ewallet,2026-03-11
INV-5346,C,Vadodara,Health and beauty,48.25,7,354.64,Credit card,2026-03-11
INV-5064,B,Surat,Fashion accessories,38.84,8,326.26,Credit card,2026-03-12
INV-5466,A,Ahmedabad,Sports and travel,49.13,6,309.52,Ewallet,2026-03-12
INV-5251,B,Surat,Health and beauty,19.67,8,165.23,Cash,2026-03-13
INV-5414,A,Ahmedabad,Sports and travel,21.42,6,134.95,Ewallet,2026-03-13
INV-5063,C,Vadodara,Electronic accessories,66.29,2,139.21,Credit card,2026-03-13
INV-5070,C,Vadodara,Fashion accessories,88.76,5,465.99,Cash,2026-03-13
INV-5268,B,Surat,Health and beauty,54.88,2,115.25,Cash,2026-03-14
INV-5317,C,Vadodara,Health and beauty,12.39,4,52.04,Credit card,2026-03-14
INV-5212,C,Vadodara,Food and beverages,60.51,4,254.14,Ewallet,2026-03-14
INV-5367,A,Ahmedabad,Fashion accessories,22.57,3,71.1,Ewallet,2026-03-14
INV-5302,A,Ahmedabad,Sports and travel,78.0,7,573.3,Ewallet,2026-03-14
INV-5332,A,Ahmedabad,Home and lifestyle,58.28,3,183.58,Credit card,2026-03-14
INV-5007,C,Vadodara,Electronic accessories,38.72,5,203.28,Ewallet,2026-03-15
INV-5020,B,Surat,Home and lifestyle,90.32,4,379.34,Ewallet,2026-03-16
INV-5039,B,Surat,Health and beauty,21.32,2,44.77,Ewallet,2026-03-16
INV-5022,A,Ahmedabad,Electronic accessories,99.26,4,416.89,Cash,2026-03-16
INV-5129,B,Surat,Home and lifestyle,99.28,8,833.95,Ewallet,2026-03-16
INV-5239,B,Surat,Fashion accessories,22.12,1,23.23,Credit card,2026-03-16
INV-5124,C,Vadodara,Sports and travel,48.11,5,252.58,Ewallet,2026-03-16
INV-5389,A,Ahmedabad,Electronic accessories,14.06,7,103.34,Credit card,2026-03-16
INV-5006,A,Ahmedabad,Sports and travel,92.97,6,585.71,Cash,2026-03-17
INV-5071,A,Ahmedabad,Home and lifestyle,64.92,5,340.83,Ewallet,2026-03-17
INV-5209,C,Vadodara,Home and lifestyle,47.68,3,150.19,Credit card,2026-03-18
INV-5497,B,Surat,Home and lifestyle,66.8,5,350.7,Cash,2026-03-18
INV-5417,A,Ahmedabad,Food and beverages,58.91,9,556.7,Cash,2026-03-18
INV-5465,C,Vadodara,Sports and travel,70.56,8,592.7,Credit card,2026-03-18
INV-5305,A,Ahmedabad,Food and beverages,93.48,3,294.46,Cash,2026-03-18
INV-5277,C,Vadodara,Health and beauty,19.3,3,60.8,Cash,2026-03-18
INV-5435,A,Ahmedabad,Fashion accessories,97.82,7,718.98,Cash,2026-03-18
INV-5128,B,Surat,Sports and travel,68.74,6,433.06,Credit card,2026-03-18
INV-5077,A,Ahmedabad,Sports and travel,54.08,9,511.06,Credit card,2026-03-19
INV-5231,C,Vadodara,Home and lifestyle,62.72,3,197.57,Cash,2026-03-19
INV-5484,B,Surat,Sports and travel,67.38,5,353.74,Cash,2026-03-19
INV-5461,A,Ahmedabad,Home and lifestyle,58.64,10,615.72,Credit card,2026-03-19
INV-5372,B,Surat,Health and beauty,46.45,4,195.09,Ewallet,2026-03-19
INV-5380,A,Ahmedabad,Health and beauty,48.8,9,461.16,Credit card,2026-03-19
INV-5340,B,Surat,Electronic accessories,19.1,6,120.33,Cash,2026-03-20
INV-5404,B,Surat,Home and lifestyle,27.04,4,113.57,Ewallet,2026-03-20
INV-5078,B,Surat,Fashion accessories,66.9,3,210.74,Ewallet,2026-03-21
INV-5080,C,Vadodara,Health and beauty,31.98,5,167.9,Credit card,2026-03-21
INV-5047,C,Vadodara,Sports and travel,80.03,8,672.25,Cash,2026-03-21
INV-5005,C,Vadodara,Home and lifestyle,45.36,4,190.51,Ewallet,2026-03-21
INV-5319,C,Vadodara,Fashion accessories,86.69,1,91.02,Cash,2026-03-22
INV-5294,B,Surat,Home and lifestyle,41.12,2,86.35,Cash,2026-03-22
INV-5330,B,Surat,Electronic accessories,79.74,7,586.09,Credit card,2026-03-22
INV-5203,C,Vadodara,Electronic accessories,73.95,2,155.3,Ewallet,2026-03-23
INV-5017,A,Ahmedabad,Health and beauty,86.14,3,271.34,Ewallet,2026-03-23
INV-5325,A,Ahmedabad,Health and beauty,89.09,8,748.36,Cash,2026-03-23
INV-5089,C,Vadodara,Fashion accessories,51.08,5,268.17,Cash,2026-03-23
INV-5249,A,Ahmedabad,Health and beauty,93.67,4,393.41,Ewallet,2026-03-23
INV-5409,A,Ahmedabad,Health and beauty,73.71,5,386.98,Cash,2026-03-23
INV-5248,C,Vadodara,Electronic accessories,89.95,2,188.9,Ewallet,2026-03-24
INV-5019,B,Surat,Sports and travel,50.47,8,423.95,Ewallet,2026-03-24
INV-5344,C,Vadodara,Health and beauty,98.39,6,619.86,Cash,2026-03-24
INV-5157,B,Surat,Sports and travel,10.05,10,105.52,Cash,2026-03-24
INV-5395,C,Vadodara,Sports and travel,24.02,8,201.77,Ewallet,2026-03-25
INV-5399,A,Ahmedabad,Sports and travel,45.75,8,384.3,Credit card,2026-03-25
INV-5471,C,Vadodara,Home and lifestyle,26.91,8,226.04,Cash,2026-03-25
INV-5300,B,Surat,Health and beauty,29.31,7,215.43,Ewallet,2026-03-25
INV-5391,A,Ahmedabad,Food and beverages,85.37,6,537.83,Ewallet,2026-03-25
INV-5233,C,Vadodara,Food and beverages,71.16,1,74.72,Credit card,2026-03-25
INV-5442,A,Ahmedabad,Fashion accessories,23.82,5,125.06,Cash,2026-03-25
INV-5104,C,Vadodara,Food and beverages,22.45,8,188.58,Ewallet,2026-03-25
INV-5142,A,Ahmedabad,Fashion accessories,84.89,5,445.67,Cash,2026-03-25
INV-5141,A,Ahmedabad,Fashion accessories,80.87,5,424.57,Ewallet,2026-03-25
INV-5187,B,Surat,Sports and travel,99.13,5,520.43,Ewallet,2026-03-26
INV-5420,C,Vadodara,Fashion accessories,73.44,6,462.67,Cash,2026-03-26
INV-5052,B,Surat,Food and beverages,34.76,8,291.98,Cash,2026-03-26
INV-5455,B,Surat,Sports and travel,18.15,9,171.52,Ewallet,2026-03-26
INV-5242,A,Ahmedabad,Sports and travel,42.47,9,401.34,Ewallet,2026-03-26
INV-5074,C,Vadodara,Health and beauty,86.86,6,547.22,Ewallet,2026-03-27
INV-5339,C,Vadodara,Fashion accessories,43.7,9,412.96,Credit card,2026-03-27
INV-5460,C,Vadodara,Health and beauty,79.37,5,416.69,Credit card,2026-03-27
INV-5204,B,Surat,Health and beauty,12.39,3,39.03,Cash,2026-03-27
INV-5401,C,Vadodara,Health and beauty,15.68,10,164.64,Cash,2026-03-27
INV-5144,C,Vadodara,Food and beverages,47.5,8,399.0,Credit card,2026-03-28
INV-5338,A,Ahmedabad,Health and beauty,89.03,9,841.33,Credit card,2026-03-28
INV-5163,B,Surat,Electronic accessories,25.12,4,105.5,Cash,2026-03-28
INV-5252,A,Ahmedabad,Health and beauty,20.38,2,42.8,Cash,2026-03-28
INV-5134,C,Vadodara,Electronic accessories,97.9,8,822.36,Cash,2026-03-28
INV-5010,B,Surat,Fashion accessories,69.4,4,291.48,Cash,2026-03-29
INV-5015,C,Vadodara,Health and beauty,25.95,5,136.24,Cash,2026-03-29
INV-5407,A,Ahmedabad,Electronic accessories,18.49,7,135.9,Cash,2026-03-29
INV-5448,B,Surat,Fashion accessories,66.34,7,487.6,Ewallet,2026-03-29
INV-5411,A,Ahmedabad,Electronic accessories,97.83,10,1027.21,Ewallet,2026-03-29
INV-5288,B,Surat,Sports and travel,50.59,2,106.24,Ewallet,2026-03-29
INV-5188,A,Ahmedabad,Home and lifestyle,22.35,1,23.47,Ewallet,2026-03-29
INV-5184,B,Surat,Electronic accessories,25.78,7,189.48,Credit card,2026-03-29
INV-5443,B,Surat,Home and lifestyle,15.7,3,49.46,Credit card,2026-03-29
INV-5162,B,Surat,Health and beauty,84.08,2,176.57,Cash,2026-03-29
INV-5284,B,Surat,Home and lifestyle,93.41,5,490.4,Ewallet,2026-03-30
INV-5477,A,Ahmedabad,Sports and travel,99.53,6,627.04,Credit card,2026-03-30
INV-5245,A,Ahmedabad,Home and lifestyle,33.83,9,319.69,Credit card,2026-03-30
INV-5247,B,Surat,Electronic accessories,28.49,1,29.91,Credit card,2026-03-30
INV-5092,C,Vadodara,Electronic accessories,36.04,8,302.74,Cash,2026-03-30
INV-5278,A,Ahmedabad,Electronic accessories,87.95,10,923.48,Ewallet,2026-03-30
INV-5225,A,Ahmedabad,Health and beauty,90.12,8,757.01,Cash,2026-03-31
INV-5033,B,Surat,Electronic accessories,91.64,2,192.44,Credit card,2026-03-31
INV-5223,A,Ahmedabad,Health and beauty,68.17,8,572.63,Ewallet,2026-03-31
INV-5148,C,Vadodara,Fashion accessories,54.21,10,569.21,Credit card,2026-03-31
INV-5120,B,Surat,Home and lifestyle,69.71,7,512.37,Ewallet,2026-03-31
INV-5211,C,Vadodara,Sports and travel,84.4,3,265.86,Credit card,2026-03-31
